-2.6047,-2.8167,Class3
-3.9341,-1.5962,Class3
-3.9064,-7.1782,Class3
-2.7848,-5.1521,Class3
-0.64373,-9.194,Class3
-3.7613,-5.5735,Class3
-3.0703,-4.3506,Class3
-4.5626,-3.2737,Class3
-5.5242,0.69877,Class3
-5.3272,-8.0835,Class3
-4.1025,-5.637,Class3
-2.6482,-4.5668,Class3
-2.3244,-4.9789,Class3
-1.4103,-6.6761,Class3
-5.1397,-2.3343,Class3
-1.1448,-4.9562,Class3
-0.78957,-4.4475,Class3
-2.1027,-9.0655,Class3
-4.2353,-1.3958,Class3
-2.2687,-5.3774,Class3
-6.6977,1.4783,Class3
-1.6504,-7.67,Class3
-1.0328,-9.1951,Class3
-5.0261,-2.4928,Class3
-0.69391,-7.9303,Class3
-3.7746,-4.5463,Class3
-3.0639,-2.5044,Class3
-3.2658,-5.6949,Class3
-1.4081,-5.9887,Class3
-6.1194,-4.5051,Class3
-4.7865,-7.0411,Class3
-4.1843,-2.2943,Class3
-5.4689,0.74698,Class3
-2.1466,-6.9285,Class3
-1.7136,-2.1446,Class3
-0.91433,-5.2922,Class3
-0.81201,-7.3864,Class3
0.2453,-14.585,Class3
-2.468,-5.2618,Class3
-1.6631,-6.3437,Class3
-3.5789,-3.3807,Class3
-1.9464,-7.5401,Class3
-3.2923,-6.6395,Class3
-1.5357,-6.5903,Class3
-4.0404,-3.4944,Class3
-3.2136,-4.4346,Class3
-4.7135,-7.1395,Class3
-6.9432,0.077157,Class3
-0.84557,-4.3019,Class3
-5.1382,-0.28467,Class3
0.65852,-8.3002,Class3
-0.8081,-7.3866,Class3
-1.4217,-6.7671,Class3
-5.7838,-3.1855,Class3
-7.7604,-0.95565,Class3
0.17621,-5.9802,Class3
-2.6839,0.66179,Class3
-3.8679,-3.1614,Class3
-0.41915,-8.9119,Class3
-2.3255,-7.1246,Class3
-3.4398,-5.6596,Class3
-3.0559,-6.5749,Class3
-3.4863,-3.9808,Class3
-2.4646,-9.4234,Class3
-2.2404,-5.0625,Class3
-1.5302,-6.3185,Class3
-0.22898,-8.3149,Class3
-1.569,-5.4407,Class3
-4.0653,-6.1653,Class3
-3.9422,-6.5994,Class3
-1.4357,-8.0576,Class3
-2.2014,-3.4138,Class3
-5.3619,-3.0201,Class3
-1.9526,-8.4743,Class3
-4.7359,-0.80207,Class3
-7.257,-0.41884,Class3
-5.7106,-0.25685,Class3
-4.529,-5.9293,Class3
-2.531,-7.0061,Class3
-6.9471,-2.2835,Class3
-3.7097,-6.1639,Class3
-5.0165,-3.5627,Class3
-3.4312,-4.872,Class3
-1.2109,-6.7821,Class3
-4.5339,-1.8178,Class3
-4.6805,-3.5583,Class3
-1.163,-4.5413,Class3
2.3707,-13.553,Class3
-4.3382,-2.8583,Class3
1.1716,-8.8916,Class3
-1.2905,-6.1017,Class3
-2.9156,-2.3347,Class3
-2.2061,-4.9082,Class3
-0.19148,-7.0155,Class3
-5.344,-0.84429,Class3
-5.283,-3.5326,Class3
-3.1728,-4.2302,Class3
-0.7994,-4.8125,Class3
-0.91042,-7.2318,Class3
-2.4737,-6.5376,Class3
-6.2851,-1.0177,Class3
-2.6156,-5.7091,Class3
-3.448,-1.5539,Class3
-1.3876,-8.7316,Class3
0.026856,-6.742,Class3
0.87355,-7.6964,Class3
-2.9519,-5.6414,Class3
-5.02,-4.0043,Class3
-4.7043,-4.1244,Class3
-3.4887,-1.2008,Class3
-1.3323,-7.2661,Class3
-1.9276,-4.9305,Class3
-0.61242,-9.1405,Class3
-0.84486,-9.5839,Class3
-1.6337,-5.8786,Class3
-0.87258,-3.3966,Class3
-4.5987,-2.2705,Class3
1.4379,-8.1703,Class3
-1.5606,-7.3279,Class3
-4.013,-5.1101,Class3
-5.4185,-2.8387,Class3
-2.2178,-5.9727,Class3
-3.4697,-3.0253,Class3
-2.9022,-7.866,Class3
-4.4811,-7.073,Class3
-2.8257,-3.4207,Class3
-6.0744,-3.3901,Class3
-6.0555,-0.6229,Class3
-0.17986,-5.7312,Class3
-5.6295,-1.3297,Class3
1.0426,-8.5379,Class3
-4.9459,-4.9477,Class3
-3.6772,-6.3865,Class3
-2.3382,-6.7497,Class3
-4.1166,-3.6791,Class3
-2.4685,-8.486,Class3
-8.5974,-1.2611,Class3
-5.248,-3.1958,Class3
-4.4476,-2.3801,Class3
-5.5766,2.2568,Class3
-1.6165,-8.7606,Class3
-3.3926,-3.2236,Class3
-0.5637,-7.1146,Class3
-7.9278,-3.1171,Class3
-5.5001,-2.64,Class3
-0.8625,-5.7835,Class3
0.53361,-11.568,Class3
-4.5914,-2.6443,Class3
-1.2642,-2.5416,Class3
-1.258,-5.3544,Class3
-2.2257,-5.0184,Class3
0.32105,-10.805,Class3
-7.235,1.1017,Class3
-0.46628,-5.7566,Class3
-5.8132,-5.1036,Class3
-4.0469,-2.69,Class3
-1.7766,-6.6343,Class3
-3.9424,-4.5087,Class3
-1.7558,-8.6272,Class3
-3.7905,-1.6346,Class3
-5.2569,-1.241,Class3
-1.0091,-9.4858,Class3
-6.451,-1.4619,Class3
0.4245,-10.131,Class3
0.25461,-10.376,Class3
-4.9866,-5.1737,Class3
-3.108,-5.6439,Class3
-4.6391,-2.8706,Class3
-2.716,-5.7349,Class3
-4.3459,-5.6307,Class3
-2.7781,-6.7765,Class3
-4.6746,-7.6284,Class3
-2.302,-5.2824,Class3
-4.078,-3.6376,Class3
-2.6962,-3.4507,Class3
-5.3931,-1.6198,Class3
-3.5013,-4.9437,Class3
-5.1753,-2.5465,Class3
-2.3111,-5.4198,Class3
-2.4234,-0.20435,Class3
-1.586,-6.723,Class3
-4.0546,-1.6862,Class3
-1.1095,-4.2754,Class3
-2.9676,-3.5741,Class3
-0.94755,-9.7752,Class3
-5.4804,-5.6316,Class3
-1.4022,-1.4305,Class3
-2.6556,-5.0973,Class3
-2.5221,-3.7946,Class3
-7.7433,0.55761,Class3
-6.7481,2.033,Class3
-2.1194,-5.2085,Class3
-1.8263,-7.6355,Class3
-0.49429,-4.746,Class3
-4.5314,-3.8678,Class3
-3.0365,-4.4897,Class3
-5.4674,0.47095,Class3
-4.2504,-7.4873,Class3
-0.27617,-5.6509,Class3
-5.2052,-1.5087,Class3
-3.6052,-4.6944,Class3
-1.5068,-10.715,Class3
0.018775,-9.0769,Class3
-5.4371,-3.7265,Class3
-5.8319,-0.19568,Class3
-4.1712,-5.3769,Class3
-3.9516,-4.281,Class3
-1.4437,-8.3345,Class3
-6.9361,0.94687,Class3
-4.4119,0.86516,Class3
-1.2253,-9.0641,Class3
-7.5306,-1.797,Class3
-4.9313,-0.31022,Class3
-1.1572,-7.331,Class3
-0.23556,-12.471,Class3
-0.45914,-8.6072,Class3
-0.74886,-5.5463,Class3
-3.814,-6.549,Class3
-1.7392,-7.9336,Class3
-3.2586,-6.3925,Class3
-6.2165,-2.3382,Class3
-3.1947,-6.5764,Class3
-2.8448,-4.7978,Class3
0.92329,-4.168,Class3
-2.8255,-3.8986,Class3
-2.715,-8.3104,Class3
-6.3835,2.5759,Class3
-6.3884,-3.6755,Class3
3.1669,-12.637,Class3
-4.3271,-8.3971,Class3
-3.48,-6.0591,Class3
4.2882,-14.095,Class3
-0.37469,-13.108,Class3
-1.7091,-7.9884,Class3
-0.87112,-7.3806,Class3
-5.986,1.3468,Class3
-5.5173,-0.68285,Class3
-8.2305,-2.9433,Class3
-5.0615,-2.892,Class3
-1.76,-5.692,Class3
-7.3748,1.2137,Class3
-2.3581,-4.8929,Class3
-4.4707,-4.5314,Class3
-2.0242,-5.8931,Class3
-5.7253,-1.3557,Class3
-3.9635,-1.6366,Class3
-1.3272,-7.734,Class3
-4.6047,-5.0875,Class3
-3.121,-3.3433,Class3
-3.1072,-6.7964,Class3
-4.3771,-3.9054,Class3
-6.1984,-0.39169,Class3
-3.9883,-4.733,Class3
1.1643,-4.7121,Class3
-5.4004,-4.8204,Class3
-0.37967,-5.9393,Class3
-1.9023,-7.1249,Class3
2.2436,-12.388,Class3
-7.2505,-2.2281,Class3
-4.7862,-4.2711,Class3
-4.471,0.01673,Class3
-1.7747,-8.3326,Class3
-5.0854,-3.4161,Class3
-3.1749,-4.5206,Class3
-2.0782,-4.5515,Class3
-0.71945,-3.7474,Class3
-5.3807,-1.5681,Class3
2.2748,-11.232,Class3
-4.6832,-0.21262,Class3
2.7772,-9.9333,Class3
0.55331,-5.6133,Class3
-6.5048,-0.36485,Class3
-1.7049,-5.8809,Class3
-4.8329,-4.2849,Class3
-3.8488,-5.3905,Class3
-1.2655,-9.1074,Class3
0.093297,-8.26,Class3
-2.8138,-3.2574,Class3
-4.8884,-2.0148,Class3
-1.7944,-7.0185,Class3
-3.0929,-5.571,Class3
-3.0678,-3.8679,Class3
-5.4808,-1.7622,Class3
-4.7564,-4.3638,Class3
-4.7359,-2.5228,Class3
0.2047,-7.1254,Class3
-3.8554,-3.4825,Class3
-2.2656,-6.9328,Class3
-4.7072,-4.4194,Class3
1.172,-6.7797,Class3
-9.3855,-0.12686,Class3
-0.69737,-3.88,Class3
-0.76679,-6.99,Class3
-7.3885,1.833,Class3
0.35334,-9.2216,Class3
-2.9646,-6.8856,Class3
-1.6606,-6.4339,Class3
1.1778,-9.8189,Class3
-1.3138,-7.4394,Class3
-5.2707,-4.3669,Class3
-5.2905,-4.6166,Class3
-2.0212,-5.5113,Class3
-1.8865,-3.8235,Class3
-1.2294,-5.4597,Class3
-2.6631,-6.6637,Class3
0.12431,-9.6574,Class3
-0.8137,-7.1754,Class3
-1.3127,-6.5345,Class3
-3.64,-3.5147,Class3
2.1469,-11.404,Class3
1.5508,-7.7025,Class3
-3.722,-3.292,Class3
-6.4116,-3.9178,Class3
-5.5438,-4.7876,Class3
-6.6377,-1.3592,Class3
-3.1114,-5.1308,Class3
-1.2878,-7.6148,Class3
-0.64136,-7.1353,Class3
-3.2185,-5.9029,Class3
-4.3753,-3.2848,Class3
-5.2269,-6.1085,Class3
-5.4405,-3.2645,Class3
-0.20857,-6.3807,Class3
-2.8902,-4.4265,Class3
-1.7205,-8.8596,Class3
-4.3332,-3.275,Class3
-5.9925,-0.86512,Class3
-3.1662,-3.437,Class3
-1.6373,-7.1208,Class3
-5.0773,-0.47063,Class3
-5.8683,-2.4941,Class3
-2.9878,-4.5338,Class3
-6.0774,-4.3304,Class3
-0.27744,-8.8705,Class3
-5.9033,-0.8656,Class3
-1.1655,-5.9358,Class3
-5.5746,-1.0577,Class3
-0.29243,-8.187,Class3
-2.9065,-5.3553,Class3
-4.472,-2.6797,Class3
-7.8855,-2.0424,Class3
0.40438,-8.7141,Class3
-4.5578,-2.8832,Class3
-0.33353,-9.0248,Class3
-4.5171,-5.1558,Class3
0.76975,-7.679,Class3
0.69324,-4.2106,Class3
0.58214,-9.5994,Class3
-0.24855,-8.7807,Class3
-3.3062,-4.5113,Class3
-4.5698,-5.7067,Class3
-3.041,-4.8349,Class3
1.0205,-6.6673,Class3
-5.1156,-2.2638,Class3
0.36076,-6.1367,Class3
-3.977,-2.0115,Class3
0.5706,-8.752,Class3
-6.0682,-4.2946,Class3
-2.638,-6.8229,Class3
-5.0831,-3.005,Class3
-4.7824,-3.4324,Class3
-5.5889,-2.554,Class3
-4.1384,-3.6895,Class3
-1.9348,-5.9739,Class3
-2.922,-6.5536,Class3
-2.7028,-3.5734,Class3
-1.4266,-3.0509,Class3
-5.6363,-1.1816,Class3
-0.83623,-2.8448,Class3
-6.5941,-3.1966,Class3
-5.125,-5.5,Class3
-0.60637,-8.8809,Class3
-0.19727,-12.555,Class3
-7.2768,-2.9449,Class3
-0.51212,-6.6337,Class3
-4.4504,-4.6925,Class3
-2.2655,-2.765,Class3
-4.7352,-1.42,Class3
-4.7083,-7.3432,Class3
-1.0362,-7.8864,Class3
0.71378,-7.4329,Class3
-6.5847,-0.54559,Class3
-2.6554,-3.7099,Class3
1.1276,-9.1584,Class3
-5.2047,-2.6973,Class3
-2.8833,-5.9652,Class3
-2.3102,-6.337,Class3
-1.1043,-8.2022,Class3
-2.8322,-3.691,Class3
-3.788,-4.6334,Class3
-5.7573,-2.016,Class3
-4.6457,-2.2215,Class3
1.9273,-9.3317,Class3
-2.8151,-2.6346,Class3
1.8917,-10.178,Class3
-5.3245,-0.2172,Class3
2.792,-11.254,Class3
-7.3217,-0.69318,Class3
-4.7989,-5.4073,Class3
-6.0325,-0.584,Class3
-5.178,-5.3011,Class3
-4.8485,-5.7421,Class3
-2.0587,-2.9735,Class3
-6.2134,-3.8098,Class3
-3.8092,-6.603,Class3
-5.3328,-2.861,Class3
-4.7151,-2.3988,Class3
-6.8462,1.1819,Class3
-1.0599,-4.461,Class3
-7.6806,-1.4222,Class3
-5.9238,1.2036,Class3
-4.6661,-2.5637,Class3
-1.5078,-6.637,Class3
-3.2568,-5.1254,Class3
-2.9086,-7.438,Class3
-4.7124,-3.2188,Class3
-1.9045,-6.6505,Class3
-3.4614,-4.5317,Class3
-1.7004,-4.2884,Class3
-1.2009,-3.1297,Class3
-2.0193,-4.4477,Class3
2.4063,-10.046,Class3
-4.3049,-4.4856,Class3
-2.8799,-6.0974,Class3
-0.83224,-5.8162,Class3
-5.1341,-7.1226,Class3
-4.6683,-3.9766,Class3
-6.5068,-3.4984,Class3
-0.58106,-6.1048,Class3
0.41236,-8.0864,Class3
-1.0526,-6.0937,Class3
-4.2061,-4.8441,Class3
-2.4888,-3.7791,Class3
3.2365,-13.225,Class3
-1.0957,-8.7699,Class3
-2.5307,-4.7327,Class3
-0.67301,-6.0669,Class3
-1.3241,-7.8063,Class3
-1.2998,-4.3976,Class3
-0.38739,-10.594,Class3
1.4384,-8.1889,Class3
-4.1216,-7.5557,Class3
-0.581,-6.7265,Class3
-3.6956,-6.1526,Class3
-2.7414,-7.6142,Class3
-6.2194,-4.7331,Class3
-8.3257,-2.6459,Class3
-2.8798,-9.6637,Class3
-0.90794,-6.7801,Class3
-2.7934,-4.67,Class3
-1.993,-8.5424,Class3
0.95878,-6.1461,Class3
-4.0409,-4.6959,Class3
-4.2575,-4.6959,Class3
-3.2086,-3.3879,Class3
-0.11976,-7.897,Class3
-2.6818,-6.4205,Class3
-3.8334,-2.6175,Class3
-3.5466,-2.9464,Class3
-1.6271,-4.246,Class3
-2.8401,-3.9617,Class3
-4.8541,-4.0603,Class3
-1.8664,-9.2364,Class3
-0.17595,-9.7137,Class3
-2.5267,-9.0654,Class3
-3.8081,-1.9073,Class3
-4.3587,-5.0862,Class3
-3.5492,-5.6685,Class3
-2.6998,-5.8883,Class3
-1.6878,-9.0802,Class3
-2.6725,-6.6359,Class3
-5.7534,-0.98342,Class3
-1.3295,-5.718,Class3
-0.13112,-9.1499,Class3
-4.8889,-4.0746,Class3
-3.2208,-5.663,Class3
-4.9233,-5.2469,Class3
-3.6024,-2.2521,Class3
-3.5578,-7.3706,Class3
-0.43914,-3.9745,Class3
-4.3549,-4.8051,Class3
-7.6189,-1.5741,Class3
0.16201,-8.8414,Class3
-5.146,-0.13234,Class3
0.13429,-6.8327,Class3
1.6591,-5.2803,Class3
-6.1781,-3.3455,Class3
-1.0028,-7.0825,Class3
-2.9798,-6.9484,Class3
3.9425,-12.326,Class3
-3.0372,-4.3604,Class3
-0.042304,-5.0112,Class3
-2.3296,-4.0859,Class3
-1.8353,-4.8203,Class3
-2.5746,-5.7149,Class3
-6.5163,0.66298,Class3
-1.8979,-6.2156,Class3
-4.4293,-3.8476,Class3
2.1057,-7.9267,Class3
-1.0654,-5.0823,Class3
4.6028,8.0725,Class2
4.6114,9.7239,Class2
7.288,14.085,Class2
5.3265,11.392,Class2
4.7385,11.327,Class2
3.2799,7.4152,Class2
7.5951,12.873,Class2
7.2697,9.5396,Class2
1.1127,8.5271,Class2
2.72,7.0668,Class2
3.8038,10.802,Class2
3.5579,8.2682,Class2
6.6124,8.5109,Class2
0.1865,4.4023,Class2
7.3255,11.019,Class2
1.637,7.5608,Class2
7.5148,10.302,Class2
4.7982,10.371,Class2
4.0055,7.5914,Class2
1.2696,7.4514,Class2
0.87726,7.9257,Class2
-0.64759,7.1729,Class2
4.1649,10.221,Class2
2.1211,8.1966,Class2
8.5766,13.015,Class2
3.7116,11.497,Class2
6.4424,10.225,Class2
8.3308,10.391,Class2
3.0069,7.3739,Class2
4.9872,8.3429,Class2
7.1203,10.404,Class2
0.50343,10.894,Class2
8.065,11.602,Class2
7.0424,9.283,Class2
9.2205,12.219,Class2
4.7886,6.658,Class2
3.5413,7.7424,Class2
5.9414,8.6976,Class2
1.727,4.5369,Class2
3.6125,7.9819,Class2
5.0249,9.558,Class2
5.8857,9.3729,Class2
3.5021,8.0143,Class2
9.1861,13.806,Class2
5.1658,6.947,Class2
1.6784,9.0968,Class2
4.2735,6.4684,Class2
7.4067,12.459,Class2
8.0647,13.042,Class2
7.14,11.646,Class2
6.6258,9.6078,Class2
4.0322,10.35,Class2
5.96,10.709,Class2
9.2219,9.1484,Class2
5.8359,11.153,Class2
5.7081,11.765,Class2
5.8032,9.1269,Class2
9.8719,10.798,Class2
5.4541,8.6487,Class2
3.9094,8.144,Class2
4.5241,13.829,Class2
3.7067,12.832,Class2
3.7138,9.0828,Class2
6.5616,9.0243,Class2
3.3322,10.038,Class2
7.1245,10.194,Class2
3.6005,6.7208,Class2
6.489,13.565,Class2
0.45229,9.1755,Class2
0.60633,6.79,Class2
3.0637,6.7059,Class2
4.1028,11.097,Class2
3.3842,10.781,Class2
5.6762,9.6294,Class2
3.6509,9.7209,Class2
6.3124,8.9664,Class2
2.3394,10.234,Class2
12.18,13.429,Class2
8.7607,13.949,Class2
1.0904,7.7274,Class2
3.6713,8.1278,Class2
4.9637,10.286,Class2
5.7161,14.717,Class2
1.6708,10.989,Class2
7.6481,10.739,Class2
2.7581,7.1724,Class2
3.4144,8.9809,Class2
2.1682,6.9716,Class2
4.7021,10.957,Class2
6.9471,8.8839,Class2
3.4303,9.5148,Class2
7.2424,11.368,Class2
9.9272,11.18,Class2
3.0989,7.7476,Class2
6.3023,9.8981,Class2
6.7641,7.9168,Class2
1.139,9.7096,Class2
7.7515,9.9796,Class2
2.8817,7.0983,Class2
5.2042,10.296,Class2
6.9352,11.741,Class2
1.777,9.7393,Class2
7.9834,9.851,Class2
8.9113,13.568,Class2
-1.964,5.1919,Class2
6.1655,8.8963,Class2
4.8545,10.259,Class2
2.5941,8.3499,Class2
9.7835,8.9978,Class2
3.9736,12.107,Class2
9.3461,12.399,Class2
9.1331,11.419,Class2
7.5694,16.859,Class2
7.113,9.6631,Class2
7.3611,11.396,Class2
4.7174,13.888,Class2
7.5012,12.485,Class2
4.0758,14.426,Class2
5.6073,9.7146,Class2
3.1699,6.1085,Class2
6.1686,7.012,Class2
3.1816,8.0267,Class2
5.848,6.2668,Class2
7.7282,12.139,Class2
7.3483,8.7184,Class2
8.8892,9.9238,Class2
4.0338,8.5715,Class2
7.556,12.494,Class2
1.642,9.3805,Class2
6.1745,10.575,Class2
1.6671,11.792,Class2
4.2164,9.1335,Class2
5.9432,9.7447,Class2
5.2224,9.4264,Class2
-2.1397,7.2251,Class2
6.8214,11.612,Class2
7.3355,9.4266,Class2
5.7129,10.743,Class2
8.347,11.095,Class2
3.6694,9.628,Class2
1.7724,5.7791,Class2
8.6119,12.152,Class2
4.1951,9.3799,Class2
0.68253,6.1544,Class2
6.6516,8.9347,Class2
2.8531,12.039,Class2
6.5003,7.6834,Class2
5.9184,10.097,Class2
6.6995,10.173,Class2
4.788,10.279,Class2
6.9439,10.662,Class2
4.7498,9.2954,Class2
7.752,13.016,Class2
6.1059,10.338,Class2
3.4001,7.9125,Class2
4.8893,10.379,Class2
2.801,5.9139,Class2
3.4968,6.5783,Class2
2.7703,9.8469,Class2
10.159,10.68,Class2
5.9327,10.84,Class2
2.3264,3.48,Class2
4.9966,11.688,Class2
7.3988,9.0529,Class2
2.3698,13.473,Class2
5.1843,14.527,Class2
3.8291,6.7002,Class2
5.1,7.3675,Class2
1.6637,9.6661,Class2
5.6707,13.871,Class2
5.9748,12.461,Class2
3.3275,11.577,Class2
5.8049,7.6049,Class2
8.2664,10.33,Class2
4.3254,12.946,Class2
3.9391,9.6535,Class2
5.0566,12.53,Class2
7.1993,13.607,Class2
6.5095,12.112,Class2
7.8959,10.603,Class2
2.1089,7.0168,Class2
0.15472,8.1264,Class2
4.8996,11.019,Class2
6.3189,11.25,Class2
3.6259,9.677,Class2
10.246,11.669,Class2
7.0781,11.95,Class2
7.9338,8.1105,Class2
0.70384,7.8344,Class2
7.7092,11.032,Class2
-1.0482,6.7988,Class2
6.3644,10.273,Class2
6.905,11.54,Class2
5.8414,12.024,Class2
5.1294,6.6598,Class2
3.7411,9.3083,Class2
9.2654,12.012,Class2
1.9771,11.631,Class2
8.5676,11.681,Class2
1.1295,7.4699,Class2
4.1946,10.172,Class2
7.27,10.864,Class2
6.2598,10.095,Class2
3.955,8.4213,Class2
2.0021,10.897,Class2
4.6824,11.356,Class2
8.6425,13.425,Class2
7.3331,11.878,Class2
1.2867,8.9864,Class2
2.9535,9.5935,Class2
8.2291,11.616,Class2
2.9642,8.3481,Class2
3.291,5.6691,Class2
6.9472,9.4952,Class2
7.9836,11.12,Class2
7.9666,13.916,Class2
3.8045,6.2553,Class2
2.7929,7.2171,Class2
1.2478,4.8897,Class2
2.5085,10.672,Class2
1.4309,7.1468,Class2
2.7051,12.051,Class2
3.7627,10.083,Class2
3.3262,8.3309,Class2
4.1545,13.908,Class2
3.8318,10.297,Class2
4.3508,9.1004,Class2
6.8974,12.126,Class2
4.6732,9.3996,Class2
4.8175,9.3283,Class2
5.3262,10.108,Class2
2.2719,9.2035,Class2
6.2652,11.499,Class2
4.4663,10.835,Class2
5.4617,11.282,Class2
9.5068,14.389,Class2
3.267,10.964,Class2
3.8205,7.3229,Class2
5.687,11.809,Class2
9.2513,12.263,Class2
10.484,10.626,Class2
4.6995,9.155,Class2
4.1106,9.3524,Class2
9.513,9.596,Class2
2.1937,10.859,Class2
4.0018,11.715,Class2
6.6246,10.189,Class2
8.3775,10.569,Class2
8.5415,10.103,Class2
2.8133,10.196,Class2
2.5917,7.614,Class2
4.9047,12.383,Class2
6.4553,12.533,Class2
3.7367,5.2239,Class2
8.1656,12.369,Class2
2.707,9.6199,Class2
6.9659,9.9506,Class2
1.8561,6.8639,Class2
7.2482,14.609,Class2
3.5184,11.823,Class2
6.9619,10.937,Class2
3.1616,10.009,Class2
7.916,11.578,Class2
4.5217,9.2711,Class2
0.96367,12.167,Class2
12.229,10.527,Class2
5.9811,11.021,Class2
2.5299,8.3586,Class2
7.6995,13.935,Class2
1.1048,9.9377,Class2
4.7691,11.125,Class2
5.2851,6.3613,Class2
4.9176,10.83,Class2
2.63,12.748,Class2
9.545,9.5561,Class2
5.7966,11.07,Class2
7.4007,9.6918,Class2
4.4901,7.34,Class2
3.2208,5.8308,Class2
2.1652,7.3897,Class2
7.6859,11.605,Class2
4.2105,9.0958,Class2
2.5377,11.158,Class2
6.8343,11.309,Class2
6.4641,13.288,Class2
6.3605,9.5829,Class2
9.2612,15.035,Class2
7.3532,10.998,Class2
2.8003,9.0374,Class2
2.7999,10.87,Class2
6.2292,9.4906,Class2
7.7635,9.2975,Class2
8.5267,12.866,Class2
5.046,13.2,Class2
9.4875,11.059,Class2
-1.554,12.388,Class2
6.0335,10.593,Class2
5.8825,10.55,Class2
10.659,11.769,Class2
8.7376,11.245,Class2
3.314,9.6783,Class2
4.401,6.6415,Class2
8.203,12.683,Class2
2.2345,8.473,Class2
2.5985,10.573,Class2
7.4052,10.639,Class2
5.6104,12.841,Class2
2.4555,9.1115,Class2
3.187,9.6414,Class2
3.6715,11.943,Class2
2.5645,10.562,Class2
5.0292,9.4267,Class2
3.245,8.4083,Class2
10.613,13.654,Class2
5.863,11.743,Class2
6.1314,8.9912,Class2
4.2563,9.0833,Class2
0.066111,8.8415,Class2
3.5234,9.1893,Class2
8.0977,13.168,Class2
1.2966,9.5666,Class2
2.3293,8.4347,Class2
5.476,12.087,Class2
8.593,16.217,Class2
3.4756,9.3042,Class2
9.0449,10.54,Class2
3.2264,9.6218,Class2
5.0035,9.825,Class2
5.3932,10.513,Class2
3.7911,8.2067,Class2
4.3726,9.5305,Class2
5.1323,9.6375,Class2
5.1062,10.097,Class2
5.2561,8.1816,Class2
5.3344,7.9972,Class2
3.1028,8.5105,Class2
6.141,13.088,Class2
6.4604,12.827,Class2
3.7851,10.242,Class2
2.1143,8.6546,Class2
8.8832,12.043,Class2
5.9735,10.651,Class2
9.904,15.238,Class2
5.7532,11.019,Class2
2.3986,5.9026,Class2
5.8136,11.278,Class2
7.0645,13.153,Class2
2.5161,8.4212,Class2
5.8563,7.7475,Class2
3.8389,12.134,Class2
5.365,12.581,Class2
5.7812,8.8099,Class2
5.1298,9.4195,Class2
5.7737,10.518,Class2
4.0061,8.8114,Class2
10.049,10.242,Class2
6.385,8.978,Class2
3.8783,10.158,Class2
4.8558,7.6217,Class2
5.6107,14.621,Class2
8.4822,10.705,Class2
3.9098,13.034,Class2
9.2132,16.106,Class2
5.5728,10.853,Class2
6.4663,9.6246,Class2
5.9441,8.0678,Class2
5.9122,8.3633,Class2
6.1489,12.411,Class2
5.2281,11.815,Class2
8.098,9.9294,Class2
8.0253,8.8041,Class2
6.7232,9.6649,Class2
8.3409,10.679,Class2
5.775,11.952,Class2
2.3147,11.377,Class2
10.232,9.5227,Class2
3.2525,6.9488,Class2
3.1983,9.3036,Class2
8.9077,10.04,Class2
5.0266,9.8204,Class2
2.3906,10.351,Class2
5.99,10.953,Class2
6.2229,11.615,Class2
5.6157,12.786,Class2
5.1198,12.358,Class2
8.0653,12.885,Class2
2.5778,8.3712,Class2
7.3182,9.3587,Class2
4.9957,12.106,Class2
2.8769,9.815,Class2
8.272,9.0852,Class2
4.6339,8.1379,Class2
7.4875,8.9279,Class2
3.7683,11.626,Class2
6.7573,8.7675,Class2
5.9496,5.9992,Class2
3.2814,10.821,Class2
6.0394,12.237,Class2
4.2652,11.409,Class2
-0.15421,7.2893,Class2
6.3817,11.314,Class2
6.4306,9.7529,Class2
8.7298,11.812,Class2
1.7595,7.2779,Class2
4.3163,10.71,Class2
2.739,9.2175,Class2
5.9187,10.482,Class2
4.3967,11.727,Class2
3.4826,9.0201,Class2
3.1359,8.2562,Class2
6.2152,13.37,Class2
9.4454,10.941,Class2
6.2797,10.163,Class2
6.4408,11.258,Class2
8.8662,11.253,Class2
5.2809,8.2255,Class2
4.0175,9.1706,Class2
9.8883,10.956,Class2
4.4579,7.9884,Class2
4.541,10.596,Class2
6.0798,12.622,Class2
4.5545,11.006,Class2
9.758,12.496,Class2
6.9098,10.519,Class2
7.3918,9.2768,Class2
6.9648,9.3379,Class2
10.117,10.383,Class2
7.3571,12.274,Class2
8.4859,13.316,Class2
7.2835,8.9376,Class2
4.2262,8.4861,Class2
4.9568,9.7524,Class2
-0.54786,9.1266,Class2
5.7479,6.0033,Class2
5.5758,7.9665,Class2
7.8513,9.3425,Class2
3.6228,10.205,Class2
4.7732,10.304,Class2
0.90838,12.997,Class2
-0.85712,9.2436,Class2
8.7424,9.1626,Class2
4.6648,9.7687,Class2
6.5864,8.4927,Class2
5.7305,10.034,Class2
3.7844,8.1257,Class2
3.3056,9.8507,Class2
5.09,11.436,Class2
3.2396,7.9754,Class2
3.6548,9.6405,Class2
8.4905,10.446,Class2
4.1626,9.6003,Class2
7.75,11.351,Class2
4.2175,9.9019,Class2
3.8477,11.295,Class2
4.722,11.423,Class2
5.6542,11.928,Class2
5.0822,8.8057,Class2
4.9544,9.1274,Class2
3.7598,10.204,Class2
-1.8559,9.3825,Class2
4.8155,11.733,Class2
8.4465,11.812,Class2
3.6711,5.5949,Class2
5.3983,5.932,Class2
6.0725,10.804,Class2
9.3569,11.949,Class2
4.4936,13.423,Class2
4.4294,11.692,Class2
5.2882,10.567,Class2
5.9086,11.827,Class2
3.6213,8.6812,Class2
2.1301,9.9711,Class2
4.2307,7.8312,Class2
7.4339,9.437,Class2
3.0404,9.3463,Class2
1.0022,10.109,Class2
3.6348,10.784,Class2
8.7794,12.752,Class2
8.7402,11.177,Class2
6.2147,9.4029,Class2
0.80814,10.266,Class2
4.1957,7.6357,Class2
4.918,9.2092,Class2
4.5356,10.693,Class2
3.1562,6.4171,Class2
2.5028,11.616,Class2
5.4687,8.0641,Class2
3.1898,11.1,Class2
3.7992,12.282,Class2
4.1997,8.1257,Class2
3.6015,8.8804,Class2
8.5837,14.326,Class2
3.9971,11.569,Class2
6.3333,8.95,Class2
3.1891,6.502,Class2
8.3059,10.995,Class2
4.1119,9.9285,Class2
3.4969,8.1,Class2
1.2045,9.9434,Class2
8.4473,10.745,Class2
11.583,-3.5809,Class1
11.505,-3.2135,Class1
15.642,-5.6477,Class1
14.741,-5.2833,Class1
11.993,-6.7999,Class1
11.534,-4.496,Class1
11.27,-1.6088,Class1
17.996,-7.2315,Class1
17.81,-8.6418,Class1
15.991,-8.7738,Class1
16.207,-4.9836,Class1
11.254,-3.2129,Class1
14.812,-5.5893,Class1
13.912,-6.6894,Class1
21.89,-10.295,Class1
14.476,-5.2265,Class1
19.879,-8.2543,Class1
14.172,-5.4359,Class1
13.213,-4.2874,Class1
18.563,-8.9849,Class1
14.581,-7.5481,Class1
15.513,-6.7453,Class1
16.165,-6.2621,Class1
16.88,-5.2635,Class1
15.6,-6.3516,Class1
13.293,-5.5145,Class1
16.327,-6.54,Class1
11.945,-5.2969,Class1
17.394,-5.6272,Class1
13.678,-7.0584,Class1
18.05,-7.0602,Class1
13.288,-6.1396,Class1
15.984,-7.398,Class1
14.779,-5.3926,Class1
15.339,-6.642,Class1
12.325,-3.604,Class1
18.464,-7.2771,Class1
14.127,-3.0868,Class1
12.304,-4.8147,Class1
12.098,-2.1357,Class1
18.332,-6.6734,Class1
14.33,-7.0116,Class1
11.897,-3.4159,Class1
17.185,-6.9595,Class1
13.732,-4.8446,Class1
10.419,-3.2711,Class1
10.77,-4.269,Class1
15.697,-6.5554,Class1
13.914,-7.0398,Class1
17.139,-5.4301,Class1
9.0811,-3.4701,Class1
15.672,-5.4578,Class1
18.395,-9.9547,Class1
14.117,-4.5765,Class1
18.653,-8.1422,Class1
17.197,-5.9059,Class1
14.056,-5.0637,Class1
17.3,-7.7137,Class1
20.159,-6.5274,Class1
13.337,-3.0724,Class1
16.701,-7.4503,Class1
15.363,-4.9367,Class1
18.805,-6.6283,Class1
13.748,-6.9859,Class1
14.009,-5.8295,Class1
13.95,-6.2546,Class1
15.057,-7.0953,Class1
17.371,-7.0435,Class1
11.208,-4.3892,Class1
12.702,-5.1954,Class1
10.598,-4.1719,Class1
15.758,-7.8221,Class1
14.916,-9.0508,Class1
12.784,-2.3937,Class1
15.088,-6.4365,Class1
16.896,-7.3538,Class1
12.919,-2.6539,Class1
15.577,-5.5162,Class1
14.209,-6.2567,Class1
17.32,-7.0729,Class1
14.55,-6.524,Class1
19.39,-7.8458,Class1
17.969,-7.8811,Class1
13.922,-6.971,Class1
13.315,-8.1796,Class1
16.528,-5.9981,Class1
20.401,-5.3577,Class1
15.446,-7.6961,Class1
12.881,-5.1311,Class1
15.945,-5.9916,Class1
15.809,-6.9484,Class1
21.149,-11.455,Class1
9.5041,-4.946,Class1
18.992,-7.5926,Class1
14.053,-6.2329,Class1
20.056,-9.7817,Class1
17.441,-5.5074,Class1
13.404,-5.4716,Class1
17.348,-6.1222,Class1
14.774,-6.4724,Class1
13.729,-6.6647,Class1
7.9916,-5.1305,Class1
12.45,-4.2069,Class1
16.578,-7.2363,Class1
17.115,-5.5065,Class1
14.243,-3.102,Class1
13.825,-6.1271,Class1
16.288,-7.0562,Class1
17.182,-6.5294,Class1
19.625,-8.1268,Class1
15.102,-5.2441,Class1
13.886,-6.5979,Class1
17.095,-6.8962,Class1
16.551,-6.0357,Class1
13.324,-5.3855,Class1
13.477,-4.824,Class1
13.755,-4.9012,Class1
15.785,-6.5792,Class1
15.055,-6.8186,Class1
16.532,-7.6447,Class1
14.66,-4.2574,Class1
16.638,-6.245,Class1
8.8373,-2.3284,Class1
12.956,-4.9947,Class1
12.01,-2.3977,Class1
17.326,-8.1686,Class1
19.641,-8.0564,Class1
15.023,-5.06,Class1
12.797,-6.2576,Class1
14.102,-5.1015,Class1
15.177,-7.6961,Class1
13.574,-5.3559,Class1
14.706,-7.0624,Class1
10.921,-3.5769,Class1
16.934,-9.0519,Class1
18.895,-6.4259,Class1
19.851,-8.8796,Class1
18.302,-6.7743,Class1
14.003,-7.5946,Class1
15.377,-8.8743,Class1
16.746,-8.4681,Class1
16.432,-6.7648,Class1
14.3,-4.794,Class1
10.446,-2.9683,Class1
13.273,-6.2277,Class1
15.664,-5.077,Class1
10.866,-6.6499,Class1
14.31,-8.2492,Class1
13.361,-5.7134,Class1
15.629,-7.2677,Class1
13.391,-4.6981,Class1
16.028,-6.7175,Class1
19.353,-8.2887,Class1
15.362,-6.3653,Class1
17.594,-6.9201,Class1
13.533,-6.5601,Class1
14.465,-4.4248,Class1
14.647,-6.348,Class1
13.765,-4.8555,Class1
14.791,-6.6677,Class1
14.122,-6.4035,Class1
17.095,-7.6939,Class1
15.154,-6.7755,Class1
13.703,-4.0058,Class1
13.12,-4.3477,Class1
17.392,-6.0338,Class1
15.746,-3.5634,Class1
17.656,-7.0667,Class1
14.698,-5.6285,Class1
18.266,-5.7645,Class1
17.664,-4.6416,Class1
13.385,-3.9169,Class1
17.224,-7.4639,Class1
13.783,-4.9165,Class1
16.887,-6.2287,Class1
14.442,-8.0616,Class1
16.747,-3.7416,Class1
15.159,-8.7196,Class1
15.417,-8.1832,Class1
16.894,-8.0964,Class1
14.733,-7.1669,Class1
17.226,-10.213,Class1
14.332,-3.1833,Class1
16.792,-7.4729,Class1
9.8328,-2.935,Class1
15.195,-7.3597,Class1
11.653,-4.6344,Class1
14.544,-8.3496,Class1
13.912,-7.5314,Class1
15.079,-4.962,Class1
15.626,-5.77,Class1
15.744,-6.8567,Class1
14.886,-6.3822,Class1
15.071,-4.168,Class1
9.7337,-3.5962,Class1
15.649,-6.5128,Class1
14.735,-6.0022,Class1
13.728,-4.5574,Class1
16.111,-5.0331,Class1
16.047,-7.2645,Class1
13.983,-4.8026,Class1
13.08,-6.1643,Class1
16.795,-7.0777,Class1
12.021,-4.1496,Class1
14.7,-6.427,Class1
14.057,-3.6741,Class1
12.643,-4.2236,Class1
13.946,-4.6054,Class1
14.383,-5.7698,Class1
14.027,-6.316,Class1
12.16,-5.5525,Class1
19.558,-7.2188,Class1
16.166,-4.8265,Class1
17.488,-8.2323,Class1
17.075,-5.2366,Class1
16.787,-5.2509,Class1
16.152,-7.3512,Class1
12.977,-5.5541,Class1
12.497,-6.7813,Class1
13.548,-5.1985,Class1
16.017,-7.2077,Class1
12.704,-3.5174,Class1
15.638,-6.1732,Class1
14.152,-6.4385,Class1
11.071,-4.711,Class1
13.543,-7.4498,Class1
16.088,-5.8771,Class1
10.449,-5.6544,Class1
12.361,-2.1174,Class1
15.585,-6.4251,Class1
20.058,-6.9971,Class1
17.051,-8.7066,Class1
17.264,-6.2423,Class1
15.98,-6.4876,Class1
14.577,-4.3958,Class1
19.118,-7.7267,Class1
11.078,-4.0987,Class1
13.95,-6.6716,Class1
10.323,-3.777,Class1
11.956,-5.3886,Class1
11.998,-3.6449,Class1
17.331,-6.3507,Class1
11.534,-4.2207,Class1
14.226,-8.4824,Class1
13.059,-6.1559,Class1
14.173,-4.5083,Class1
12.964,-4.7185,Class1
17.23,-6.149,Class1
11.275,-6.5191,Class1
12.883,-4.2183,Class1
15.695,-7.2348,Class1
17.294,-5.2939,Class1
14.385,-6.4603,Class1
17.326,-4.721,Class1
13.728,-6.4938,Class1
10.935,-4.1535,Class1
13.604,-3.2465,Class1
12.793,-5.1283,Class1
11.558,-3.1899,Class1
13.779,-7.5906,Class1
14.182,-7.1898,Class1
13.494,-5.3527,Class1
19.724,-6.427,Class1
14.252,-5.7924,Class1
14.361,-6.6576,Class1
16.814,-7.1882,Class1
15.848,-4.7733,Class1
16.179,-5.2536,Class1
16.304,-7.0483,Class1
12.245,-5.1284,Class1
16.29,-8.0995,Class1
17.156,-6.7131,Class1
14.462,-4.754,Class1
15.508,-6.2269,Class1
15.527,-5.9916,Class1
13.87,-3.4583,Class1
16.465,-6.9649,Class1
11.879,-5.345,Class1
13.605,-5.3629,Class1
14.657,-6.2159,Class1
15.875,-6.3561,Class1
13.417,-5.5395,Class1
15.684,-6.8776,Class1
13.94,-4.1442,Class1
17.532,-8.5305,Class1
16.303,-7.4069,Class1
12.664,-3.6175,Class1
11.581,-4.8474,Class1
12.639,-2.5621,Class1
14.005,-5.4793,Class1
14.254,-6.4303,Class1
12.912,-6.2718,Class1
18.737,-7.2943,Class1
17.42,-5.5305,Class1
13.884,-4.62,Class1
19.893,-5.5324,Class1
13.828,-8.5358,Class1
17.695,-6.5162,Class1
16.205,-4.5608,Class1
13.277,-7.0601,Class1
19.093,-9.8615,Class1
15.292,-6.3299,Class1
13.396,-7.0664,Class1
13.838,-4.9191,Class1
15.07,-6.3119,Class1
13.321,-4.7402,Class1
12.141,-4.1811,Class1
16.813,-9.3205,Class1
15.879,-8.2291,Class1
14.751,-7.6624,Class1
13.472,-5.2394,Class1
11.813,-4.7174,Class1
15.076,-5.0215,Class1
15.06,-3.5871,Class1
14.752,-3.9742,Class1
15.312,-5.3423,Class1
14.302,-6.9744,Class1
16.462,-5.3981,Class1
12.793,-6.7893,Class1
12.909,-4.9533,Class1
15.941,-4.0998,Class1
17.325,-6.0968,Class1
15.056,-6.0212,Class1
16.312,-6.3995,Class1
17.635,-8.4815,Class1
13.041,-4.8861,Class1
16.251,-6.4571,Class1
13.459,-7.0946,Class1
13.265,-6.5554,Class1
16.076,-6.3473,Class1
13.251,-5.0581,Class1
18.056,-7.6608,Class1
11.436,-4.8886,Class1
15.492,-5.1081,Class1
16.367,-5.1461,Class1
15.121,-5.6431,Class1
14.783,-6.2227,Class1
15.592,-5.4923,Class1
10.93,-4.2145,Class1
13.013,-4.9362,Class1
13.441,-6.792,Class1
20.534,-10.709,Class1
15.206,-4.6849,Class1
16.607,-5.1629,Class1
12.373,-5.2159,Class1
7.277,-3.4595,Class1
16.604,-5.9214,Class1
14.199,-5.4824,Class1
15.05,-3.5035,Class1
13.608,-4.4868,Class1
19.453,-7.0541,Class1
13.384,-6.6662,Class1
16.727,-7.4838,Class1
13.938,-3.6723,Class1
13.358,-5.7433,Class1
15.313,-6.5453,Class1
16.055,-7.7783,Class1
13.253,-6.8773,Class1
18.297,-5.5996,Class1
14.062,-6.1234,Class1
15.821,-6.1119,Class1
15.043,-7.268,Class1
17.486,-4.7188,Class1
15.467,-7.4345,Class1
15.787,-7.3501,Class1
19.931,-7.5259,Class1
14.326,-7.337,Class1
13.296,-5.4597,Class1
15.438,-7.6612,Class1
13.383,-5.8103,Class1
16.606,-8.1885,Class1
15.661,-5.9434,Class1
15.272,-3.5482,Class1
13.837,-7.4452,Class1
10.992,-5.7835,Class1
12.465,-4.5331,Class1
11.501,-4.1245,Class1
15.026,-6.9431,Class1
14.653,-5.3135,Class1
14.763,-7.1101,Class1
17.881,-6.2686,Class1
14.164,-3.2565,Class1
15.355,-6.6123,Class1
16.238,-8.2991,Class1
14.617,-6.9707,Class1
13.63,-5.3211,Class1
12.039,-6.2141,Class1
21.459,-8.4091,Class1
14.896,-6.417,Class1
11.476,-3.5614,Class1
14.911,-5.0486,Class1
12.134,-4.36,Class1
16.035,-7.4091,Class1
15.805,-6.0797,Class1
11.71,-2.9797,Class1
13.493,-6.4117,Class1
10.444,-3.7943,Class1
13.75,-7.9748,Class1
12.017,-5.729,Class1
16.151,-7.164,Class1
11.711,-5.9908,Class1
18.742,-8.239,Class1
13.417,-4.4458,Class1
14.774,-6.4128,Class1
16.312,-7.2942,Class1
14.356,-7.4802,Class1
11.936,-5.4246,Class1
11.73,-3.6538,Class1
15.518,-5.8511,Class1
12.288,-3.9868,Class1
18.205,-7.8497,Class1
11.489,-3.8927,Class1
13.809,-3.1777,Class1
12.248,-3.797,Class1
13.699,-4.2679,Class1
19.241,-7.1593,Class1
15.988,-7.3911,Class1
11.29,-5.2688,Class1
15.593,-8.0389,Class1
17.197,-10.43,Class1
12.451,-4.2951,Class1
15.135,-5.8914,Class1
14.987,-5.7879,Class1
12.158,-3.9919,Class1
15.563,-6.0531,Class1
13.319,-4.2664,Class1
17.211,-9.8806,Class1
16.428,-6.1523,Class1
15.016,-5.7788,Class1
13.386,-5.5819,Class1
15.077,-6.961,Class1
15.82,-3.236,Class1
10.864,-4.7657,Class1
17.47,-7.5853,Class1
16.012,-8.9614,Class1
13.71,-6.3375,Class1
12.335,-6.8506,Class1
16.241,-5.7283,Class1
17.003,-8.1283,Class1
14.468,-6.4904,Class1
13.292,-5.3863,Class1
19.156,-8.9664,Class1
19.238,-9.3788,Class1
19.602,-8.8071,Class1
15.924,-5.0055,Class1
15.722,-4.9074,Class1
11.343,-4.598,Class1
13.667,-2.4335,Class1
14.224,-6.0931,Class1
12.105,-0.18905,Class1
17.001,-6.0626,Class1
14.328,-6.8619,Class1
18.58,-7.5121,Class1
11.221,-3.7699,Class1
15.12,-9.7873,Class1
17.193,-4.129,Class1
12.357,-4.4523,Class1
18.738,-8.2433,Class1
10.629,-5.1928,Class1
10.502,-6.2107,Class1
14.103,-5.2978,Class1
11.76,-4.2384,Class1
9.4611,-2.6043,Class1
15.916,-4.9739,Class1
15.224,-6.2485,Class1
14.075,-4.4115,Class1
15.233,-6.0409,Class1
13.376,-5.4094,Class1
16.817,-7.9925,Class1
16.297,-6.5789,Class1
13.965,-4.6627,Class1
12.696,-3.5629,Class1
12.309,-4.0374,Class1
14.259,-5.7284,Class1
13.854,-4.0675,Class1
13.991,-6.7921,Class1
15.158,-5.644,Class1
14.51,-3.8406,Class1
14.298,-5.6445,Class1
13.119,-6.2136,Class1
13.774,-5.1818,Class1
20.787,-10.246,Class1
13.247,-5.8195,Class1
15.544,-6.0993,Class1
16.384,-5.3585,Class1
15.992,-8.4968,Class1
15.873,-5.4174,Class1
15.489,-6.1205,Class1
15.421,-5.4211,Class1
11.639,-5.1832,Class1
11.979,-3.6439,Class1
13.193,-6.6977,Class1
15.567,-4.3795,Class1
13.077,-6.9958,Class1
17.942,-8.2576,Class1
20.461,-10.494,Class1
12.021,-4.01,Class1
19.013,-7.6011,Class1
12.708,-5.7989,Class1
10.584,-2.3395,Class1